"Precision","Recall","F1-measure"
"CaseA_M1",0.699443413729128,0.744323790720632,0.721186035389766
"CaseA_M2",0.688204932135347,0.888450148075025,0.775611332543359
"CaseB_M1",0.695177434030937,0.75906607054148,0.725718356684873
"CaseB_M2",0.683465458663647,0.899403874813711,0.776705276705277
